paper,route,app_question_id,official_question_number,field,official_answer,removed_fragments,replacement_fragments,result
115-3-L11,pdf,PAST-115-3-L11-4,4,A,C,"["" 】 第一 科 : 人工智慧基礎概論 考試日期: 115 年 0 8 月 1 5 日 第 2 頁,共 15 頁""]",[],layout text removed; answer unchanged and matches PDF
115-3-L11,pdf,PAST-115-3-L11-8,8,question,D,"[""】  第一 科 : 人工智慧基礎概論  考試日期: 115 年 0 8 月 1 5 日  第 3 頁,共 15 頁""]",[],layout text removed; answer unchanged and matches PDF
115-3-L11,pdf,PAST-115-3-L11-11,11,question,B,"[""】  第一 科 : 人工智慧基礎概論  考試日期: 115 年 0 8 月 1 5 日  第 4 頁,共 15 頁""]",[],layout text removed; answer unchanged and matches PDF
115-3-L11,pdf,PAST-115-3-L11-14,14,B,B,"["" 】 第一 科 : 人工智慧基礎概論 考試日期: 115 年 0 8 月 1 5 日 第 5 頁,共 15 頁""]",[],layout text removed; answer unchanged and matches PDF
115-3-L11,pdf,PAST-115-3-L11-19,19,question,B,"[""】  第一 科 : 人工智慧基礎概論  考試日期: 115 年 0 8 月 1 5 日  第 6 頁,共 15 頁""]",[],layout text removed; answer unchanged and matches PDF
115-3-L11,pdf,PAST-115-3-L11-22,22,A,B,"[""】 第一 科 : 人工智慧基礎概論 考試日期: 115 年 0 8 月 1 5 日 第 7 頁,共 15 頁 ""]",[],layout text removed; answer unchanged and matches PDF
115-3-L11,pdf,PAST-115-3-L11-26,26,question,A,"[""】  第一 科 : 人工智慧基礎概論  考試日期: 115 年 0 8 月 1 5 日  第 8 頁,共 15 頁""]",[],layout text removed; answer unchanged and matches PDF
115-3-L11,pdf,PAST-115-3-L11-29,29,C,B,"["" 】 第一 科 : 人工智慧基礎概論 考試日期: 115 年 0 8 月 1 5 日 第 9 頁,共 15 頁""]",[],layout text removed; answer unchanged and matches PDF
115-3-L11,pdf,PAST-115-3-L11-33,33,question,B,"[""】  第一 科 : 人工智慧基礎概論  考試日期: 115 年 0 8 月 1 5 日  第 10 頁,共 15 頁""]",[],layout text removed; answer unchanged and matches PDF
115-3-L11,pdf,PAST-115-3-L11-36,36,B,C,"["" 】 第一 科 : 人工智慧基礎概論 考試日期: 115 年 0 8 月 1 5 日 第 11 頁,共 15 頁""]",[],layout text removed; answer unchanged and matches PDF
115-3-L11,pdf,PAST-115-3-L11-40,40,A,B,"["" 】 第一 科 : 人工智慧基礎概論 考試日期: 115 年 0 8 月 1 5 日 第 12 頁,共 15 頁""]",[],layout text removed; answer unchanged and matches PDF
115-3-L11,pdf,PAST-115-3-L11-44,44,question,D,"[""】  第一 科 : 人工智慧基礎概論  考試日期: 115 年 0 8 月 1 5 日  第 13 頁,共 15 頁""]",[],layout text removed; answer unchanged and matches PDF
115-3-L11,pdf,PAST-115-3-L11-47,47,A,A,"["" 】 第一 科 : 人工智慧基礎概論 考試日期: 115 年 0 8 月 1 5 日 第 14 頁,共 15 頁""]",[],layout text removed; answer unchanged and matches PDF
115-3-L11,pdf,PAST-115-3-L11-50,50,B,C,"["" 】 第一 科 : 人工智慧基礎概論 考試日期: 115 年 0 8 月 1 5 日 第 15 頁,共 15 頁""]",[],layout text removed; answer unchanged and matches PDF
115-3-L12,pdf,PAST-115-3-L12-3,3,D,C,"["" 】 第 二 科 : 生成式 AI 應用與規劃 考試日期: 115 年 0 8 月 1 5 日 第 2 頁,共 16 頁""]",[],layout text removed; answer unchanged and matches PDF
115-3-L12,pdf,PAST-115-3-L12-7,7,question,A,"[""】  第 二 科 : 生成式 AI 應用與規劃  考試日期: 115 年 0 8 月 1 5 日  第 3 頁,共 16 頁""]",[],layout text removed; answer unchanged and matches PDF
115-3-L12,pdf,PAST-115-3-L12-10,10,A,B,"["" 】 第 二 科 : 生成式 AI 應用與規劃 考試日期: 115 年 0 8 月 1 5 日 第 4 頁,共 16 頁""]",[],layout text removed; answer unchanged and matches PDF
115-3-L12,pdf,PAST-115-3-L12-13,13,A,B,"["" 】 第 二 科 : 生成式 AI 應用與規劃 考試日期: 115 年 0 8 月 1 5 日 第 5 頁,共 16 頁""]",[],layout text removed; answer unchanged and matches PDF
115-3-L12,pdf,PAST-115-3-L12-16,16,B,B,"["" 】 第 二 科 : 生成式 AI 應用與規劃 考試日期: 115 年 0 8 月 1 5 日 第 6 頁,共 16 頁""]",[],layout text removed; answer unchanged and matches PDF
115-3-L12,pdf,PAST-115-3-L12-19,19,D,D,"["" 】 第 二 科 : 生成式 AI 應用與規劃 考試日期: 115 年 0 8 月 1 5 日 第 7 頁,共 16 頁""]",[],layout text removed; answer unchanged and matches PDF
115-3-L12,pdf,PAST-115-3-L12-23,23,D,A,"["" 】 第 二 科 : 生成式 AI 應用與規劃 考試日期: 115 年 0 8 月 1 5 日 第 8 頁,共 16 頁""]",[],layout text removed; answer unchanged and matches PDF
115-3-L12,pdf,PAST-115-3-L12-26,26,B,B,"["" 】 第 二 科 : 生成式 AI 應用與規劃 考試日期: 115 年 0 8 月 1 5 日 第 9 頁,共 16 頁""]",[],layout text removed; answer unchanged and matches PDF
115-3-L12,pdf,PAST-115-3-L12-30,30,question,B,"[""】  第 二 科 : 生成式 AI 應用與規劃  考試日期: 115 年 0 8 月 1 5 日  第 10 頁,共 16 頁""]",[],layout text removed; answer unchanged and matches PDF
115-3-L12,pdf,PAST-115-3-L12-33,33,C,A,"[""】 第 二 科 : 生成式 AI 應用與規劃 考試日期: 115 年 0 8 月 1 5 日 第 11 頁,共 16 頁 ""]",[],layout text removed; answer unchanged and matches PDF
115-3-L12,pdf,PAST-115-3-L12-37,37,question,C,"[""】  第 二 科 : 生成式 AI 應用與規劃  考試日期: 115 年 0 8 月 1 5 日  第 12 頁,共 16 頁""]",[],layout text removed; answer unchanged and matches PDF
115-3-L12,pdf,PAST-115-3-L12-40,40,question,A,"[""】  第 二 科 : 生成式 AI 應用與規劃  考試日期: 115 年 0 8 月 1 5 日  第 13 頁,共 16 頁""]",[],layout text removed; answer unchanged and matches PDF
115-3-L12,pdf,PAST-115-3-L12-43,43,question,D,"[""】  第 二 科 : 生成式 AI 應用與規劃  考試日期: 115 年 0 8 月 1 5 日  第 14 頁,共 16 頁""]",[],layout text removed; answer unchanged and matches PDF
115-3-L12,pdf,PAST-115-3-L12-46,46,question,B,"[""】  第 二 科 : 生成式 AI 應用與規劃  考試日期: 115 年 0 8 月 1 5 日  第 15 頁,共 16 頁""]",[],layout text removed; answer unchanged and matches PDF
115-3-L12,pdf,PAST-115-3-L12-49,49,question,A,"[""】  第 二 科 : 生成式 AI 應用與規劃  考試日期: 115 年 0 8 月 1 5 日  第 16 頁,共 16 頁""]",[],layout text removed; answer unchanged and matches PDF
115-2-L11,pdf,PAST-115-2-L11-4,4,A,B,"["" 】 第一 科 : 人工智慧基礎概論 考試日期: 115 年 05 月 16 日 第 2 頁,共 13 頁""]",[],layout text removed; answer unchanged and matches PDF
115-2-L11,pdf,PAST-115-2-L11-8,8,question,A,"[""  】  第一 科 : 人工智慧基礎概論  考試日期: 115 年 05 月 16 日  第 3 頁,共 13 頁""]",[],layout text removed; answer unchanged and matches PDF
115-2-L11,pdf,PAST-115-2-L11-12,12,question,B,"[""】  第一 科 : 人工智慧基礎概論  考試日期: 115 年 05 月 16 日  第 4 頁,共 13 頁""]",[],layout text removed; answer unchanged and matches PDF
115-2-L11,pdf,PAST-115-2-L11-16,16,question,D,"[""】  第一 科 : 人工智慧基礎概論  考試日期: 115 年 05 月 16 日  第 5 頁,共 13 頁""]",[],layout text removed; answer unchanged and matches PDF
115-2-L11,pdf,PAST-115-2-L11-20,20,question,B,"[""】  第一 科 : 人工智慧基礎概論  考試日期: 115 年 05 月 16 日  第 6 頁,共 13 頁""]",[],layout text removed; answer unchanged and matches PDF
115-2-L11,pdf,PAST-115-2-L11-24,24,question,A,"[""】  第一 科 : 人工智慧基礎概論  考試日期: 115 年 05 月 16 日  第 7 頁,共 13 頁""]",[],layout text removed; answer unchanged and matches PDF
115-2-L11,pdf,PAST-115-2-L11-27,27,D,A,"["" 】 第一 科 : 人工智慧基礎概論 考試日期: 115 年 05 月 16 日 第 8 頁,共 13 頁""]",[],layout text removed; answer unchanged and matches PDF
115-2-L11,pdf,PAST-115-2-L11-32,32,question,D,"[""】  第一 科 : 人工智慧基礎概論  考試日期: 115 年 05 月 16 日  第 9 頁,共 13 頁""]",[],layout text removed; answer unchanged and matches PDF
115-2-L11,pdf,PAST-115-2-L11-36,36,question,A,"[""】  第一 科 : 人工智慧基礎概論  考試日期: 115 年 05 月 16 日  第 10 頁,共 13 頁""]",[],layout text removed; answer unchanged and matches PDF
115-2-L11,pdf,PAST-115-2-L11-40,40,question,C,"[""】  第一 科 : 人工智慧基礎概論  考試日期: 115 年 05 月 16 日  第 11 頁,共 13 頁""]",[],layout text removed; answer unchanged and matches PDF
115-2-L11,pdf,PAST-115-2-L11-44,44,question,C,"[""】  第一 科 : 人工智慧基礎概論  考試日期: 115 年 05 月 16 日  第 12 頁,共 13 頁""]",[],layout text removed; answer unchanged and matches PDF
115-2-L11,pdf,PAST-115-2-L11-48,48,question,B,"[""】  第一 科 : 人工智慧基礎概論  考試日期: 115 年 05 月 16 日  第 13 頁,共 13 頁""]",[],layout text removed; answer unchanged and matches PDF
115-2-L12,pdf,PAST-115-2-L12-4,4,B,C,"[""】 第二科:生成式 AI 應用與規劃 考試日期: 115 年 0 5 月 16 日 第 2 頁,共 13 頁 ""]",[],layout text removed; answer unchanged and matches PDF
115-2-L12,pdf,PAST-115-2-L12-8,8,A,C,"["" 】 第二科:生成式 AI 應用與規劃 考試日期: 115 年 0 5 月 16 日 第 3 頁,共 13 頁""]",[],layout text removed; answer unchanged and matches PDF
115-2-L12,pdf,PAST-115-2-L12-12,12,question,A,"[""】  第二科:生成式 AI 應用與規劃  考試日期: 115 年 0 5 月 16 日  第 4 頁,共 13 頁""]",[],layout text removed; answer unchanged and matches PDF
115-2-L12,pdf,PAST-115-2-L12-15,15,question,B,"[""】  第二科:生成式 AI 應用與規劃  考試日期: 115 年 0 5 月 16 日  第 5 頁,共 13 頁""]",[],layout text removed; answer unchanged and matches PDF
115-2-L12,pdf,PAST-115-2-L12-19,19,C,C,"["" 】 第二科:生成式 AI 應用與規劃 考試日期: 115 年 0 5 月 16 日 第 6 頁,共 13 頁""]",[],layout text removed; answer unchanged and matches PDF
115-2-L12,pdf,PAST-115-2-L12-23,23,question,C,"[""】  第二科:生成式 AI 應用與規劃  考試日期: 115 年 0 5 月 16 日  第 7 頁,共 13 頁""]",[],layout text removed; answer unchanged and matches PDF
115-2-L12,pdf,PAST-115-2-L12-27,27,D,B,"["" 】 第二科:生成式 AI 應用與規劃 考試日期: 115 年 0 5 月 16 日 第 8 頁,共 13 頁""]",[],layout text removed; answer unchanged and matches PDF
115-2-L12,pdf,PAST-115-2-L12-31,31,D,A,"["" 】 第二科:生成式 AI 應用與規劃 考試日期: 115 年 0 5 月 16 日 第 9 頁,共 13 頁""]",[],layout text removed; answer unchanged and matches PDF
115-2-L12,pdf,PAST-115-2-L12-35,35,A,A,"[""】 第二科:生成式 AI 應用與規劃 考試日期: 115 年 0 5 月 16 日 第 10 頁,共 13 頁 ""]",[],layout text removed; answer unchanged and matches PDF
115-2-L12,pdf,PAST-115-2-L12-39,39,question,B,"[""  】  第二科:生成式 AI 應用與規劃  考試日期: 115 年 0 5 月 16 日  第 11 頁,共 13 頁""]",[],layout text removed; answer unchanged and matches PDF
115-2-L12,pdf,PAST-115-2-L12-42,42,B,D,"["" 】 第二科:生成式 AI 應用與規劃 考試日期: 115 年 0 5 月 16 日 第 12 頁,共 13 頁""]",[],layout text removed; answer unchanged and matches PDF
115-2-L12,pdf,PAST-115-2-L12-47,47,question,C,"[""】  第二科:生成式 AI 應用與規劃  考試日期: 115 年 0 5 月 16 日  第 13 頁,共 13 頁""]",[],layout text removed; answer unchanged and matches PDF
115-1-L11,pdf,PAST-115-1-L11-5,5,D,B,"[""】 第一科:人工智慧基礎概論 考試日期: 115 年 03 月 21 日 第 2 頁,共 12 頁 ""]",[],layout text removed; answer unchanged and matches PDF
115-1-L11,pdf,PAST-115-1-L11-9,9,D,A,"["" 】 第一科:人工智慧基礎概論 考試日期: 115 年 03 月 21 日 第 3 頁,共 12 頁""]",[],layout text removed; answer unchanged and matches PDF
115-1-L11,pdf,PAST-115-1-L11-14,14,D,B,"["" 】 第一科:人工智慧基礎概論 考試日期: 115 年 03 月 21 日 第 4 頁,共 12 頁""]",[],layout text removed; answer unchanged and matches PDF
115-1-L11,pdf,PAST-115-1-L11-20,20,question,B,"[""】  第一科:人工智慧基礎概論  考試日期: 115 年 03 月 21 日  第 5 頁,共 12 頁""]",[],layout text removed; answer unchanged and matches PDF
115-1-L11,pdf,PAST-115-1-L11-23,23,D,B,"["" 】 第一科:人工智慧基礎概論 考試日期: 115 年 03 月 21 日 第 6 頁,共 12 頁""]",[],layout text removed; answer unchanged and matches PDF
115-1-L11,pdf,PAST-115-1-L11-28,28,question,C,"[""】  第一科:人工智慧基礎概論  考試日期: 115 年 03 月 21 日  第 7 頁,共 12 頁""]",[],layout text removed; answer unchanged and matches PDF
115-1-L11,pdf,PAST-115-1-L11-33,33,question,D,"[""】  第一科:人工智慧基礎概論  考試日期: 115 年 03 月 21 日  第 8 頁,共 12 頁""]",[],layout text removed; answer unchanged and matches PDF
115-1-L11,pdf,PAST-115-1-L11-37,37,question,B,"[""】  第一科:人工智慧基礎概論  考試日期: 115 年 03 月 21 日  第 9 頁,共 12 頁""]",[],layout text removed; answer unchanged and matches PDF
115-1-L11,pdf,PAST-115-1-L11-40,40,D,A,"["" 】 第一科:人工智慧基礎概論 考試日期: 115 年 03 月 21 日 第 10 頁,共 12 頁""]",[],layout text removed; answer unchanged and matches PDF
115-1-L11,pdf,PAST-115-1-L11-43,43,D,D,"["" 】 第一科:人工智慧基礎概論 考試日期: 115 年 03 月 21 日 第 11 頁,共 12 頁""]",[],layout text removed; answer unchanged and matches PDF
115-1-L11,pdf,PAST-115-1-L11-48,48,A,C,"["" 】 第一科:人工智慧基礎概論 考試日期: 115 年 03 月 21 日 第 12 頁,共 12 頁""]",[],layout text removed; answer unchanged and matches PDF
115-1-L12,pdf,PAST-115-1-L12-5,5,question,C,"[""  】  第二 科 : 生成式 AI 應用與規劃  考試日期: 115 年 03 月 21 日  第 2 頁,共 11 頁""]",[],layout text removed; answer unchanged and matches PDF
115-1-L12,pdf,PAST-115-1-L12-9,9,D,B,"["" 】 第二 科 : 生成式 AI 應用與規劃 考試日期: 115 年 03 月 21 日 第 3 頁,共 11 頁""]",[],layout text removed; answer unchanged and matches PDF
115-1-L12,pdf,PAST-115-1-L12-14,14,question,A,"[""  】  第二 科 : 生成式 AI 應用與規劃  考試日期: 115 年 03 月 21 日  第 4 頁,共 11 頁""]",[],layout text removed; answer unchanged and matches PDF
115-1-L12,pdf,PAST-115-1-L12-18,18,D,A,"["" 】 第二 科 : 生成式 AI 應用與規劃 考試日期: 115 年 03 月 21 日 第 5 頁,共 11 頁""]",[],layout text removed; answer unchanged and matches PDF
115-1-L12,pdf,PAST-115-1-L12-24,24,question,D,"[""  】  第二 科 : 生成式 AI 應用與規劃  考試日期: 115 年 03 月 21 日  第 6 頁,共 11 頁""]",[],layout text removed; answer unchanged and matches PDF
115-1-L12,pdf,PAST-115-1-L12-28,28,D,C,"["" 】 第二 科 : 生成式 AI 應用與規劃 考試日期: 115 年 03 月 21 日 第 7 頁,共 11 頁""]",[],layout text removed; answer unchanged and matches PDF
115-1-L12,pdf,PAST-115-1-L12-33,33,question,A,"[""】  第二 科 : 生成式 AI 應用與規劃  考試日期: 115 年 03 月 21 日  第 8 頁,共 11 頁""]",[],layout text removed; answer unchanged and matches PDF
115-1-L12,pdf,PAST-115-1-L12-37,37,A,C,"["" 】 第二 科 : 生成式 AI 應用與規劃 考試日期: 115 年 03 月 21 日 第 9 頁,共 11 頁""]",[],layout text removed; answer unchanged and matches PDF
115-1-L12,pdf,PAST-115-1-L12-42,42,question,B,"[""】  第二 科 : 生成式 AI 應用與規劃  考試日期: 115 年 03 月 21 日  第 10 頁,共 11 頁""]",[],layout text removed; answer unchanged and matches PDF
115-1-L12,pdf,PAST-115-1-L12-46,46,question,C,"[""】  第二 科 : 生成式 AI 應用與規劃  考試日期: 115 年 03 月 21 日  第 11 頁,共 11 頁""]",[],layout text removed; answer unchanged and matches PDF
114-4-L11,pdf,PAST-114-4-L11-6,6,C,C,"["" 114 年第四次 第一 科 : 人工智慧基礎概論 考試日期: 1 14 年 1 1 月 01 日 試 題公告 日期: 1 14 年 1 1 月 2 0 日 第 2 頁,共 13 頁 答案 題 目""]",[],layout text removed; answer unchanged and matches PDF
114-4-L11,pdf,PAST-114-4-L11-11,11,D,B,"["" 114 年第四次 第一 科 : 人工智慧基礎概論 考試日期: 1 14 年 1 1 月 01 日 試 題公告 日期: 1 14 年 1 1 月 2 0 日 第 3 頁,共 13 頁 答案 題 目""]",[],layout text removed; answer unchanged and matches PDF
114-4-L11,pdf,PAST-114-4-L11-15,15,B,A,"["" 114 年第四次 第一 科 : 人工智慧基礎概論 考試日期: 1 14 年 1 1 月 01 日 試 題公告 日期: 1 14 年 1 1 月 2 0 日 第 4 頁,共 13 頁 答案 題 目""]",[],layout text removed; answer unchanged and matches PDF
114-4-L11,pdf,PAST-114-4-L11-20,20,question,A,"[""114 年第四次"", ""第一 科 : 人工智慧基礎概論  考試日期: 1 14 年 1 1 月 01 日 試 題公告 日期: 1 14 年 1 1 月 2 0 日  第 5 頁,共 13 頁  答案 題 目""]",[],layout text removed; answer unchanged and matches PDF
114-4-L11,pdf,PAST-114-4-L11-25,25,question,C,"[""114 年第四次"", ""第一 科 : 人工智慧基礎概論  考試日期: 1 14 年 1 1 月 01 日 試 題公告 日期: 1 14 年 1 1 月 2 0 日  第 6 頁,共 13 頁  答案 題 目""]",[],layout text removed; answer unchanged and matches PDF
114-4-L11,pdf,PAST-114-4-L11-28,28,D,D,"["" 114 年第四次 第一 科 : 人工智慧基礎概論 考試日期: 1 14 年 1 1 月 01 日 試 題公告 日期: 1 14 年 1 1 月 2 0 日 第 7 頁,共 13 頁 答案 題 目""]",[],layout text removed; answer unchanged and matches PDF
114-4-L11,pdf,PAST-114-4-L11-32,32,D,B,"["" 114 年第四次 第一 科 : 人工智慧基礎概論 考試日期: 1 14 年 1 1 月 01 日 試 題公告 日期: 1 14 年 1 1 月 2 0 日 第 8 頁,共 13 頁 答案 題 目""]",[],layout text removed; answer unchanged and matches PDF
114-4-L11,pdf,PAST-114-4-L11-35,35,C,D,"["" 114 年第四次 第一 科 : 人工智慧基礎概論 考試日期: 1 14 年 1 1 月 01 日 試 題公告 日期: 1 14 年 1 1 月 2 0 日 第 9 頁,共 13 頁 答案 題 目""]",[],layout text removed; answer unchanged and matches PDF
114-4-L11,pdf,PAST-114-4-L11-39,39,question,A,"["" 114 年第四次   第一 科 : 人工智慧基礎概論  考試日期: 1 14 年 1 1 月 01 日 試 題公告 日期: 1 14 年 1 1 月 2 0 日  第 10 頁,共 13 頁  答案 題 目""]",[],layout text removed; answer unchanged and matches PDF
114-4-L11,pdf,PAST-114-4-L11-42,42,question,C,"[""114 年第四次"", ""第一 科 : 人工智慧基礎概論  考試日期: 1 14 年 1 1 月 01 日 試 題公告 日期: 1 14 年 1 1 月 2 0 日  第 11 頁,共 13 頁  答案 題 目""]",[],layout text removed; answer unchanged and matches PDF
114-4-L11,pdf,PAST-114-4-L11-45,45,C,C,"["" 114 年第四次 第一 科 : 人工智慧基礎概論 考試日期: 1 14 年 1 1 月 01 日 試 題公告 日期: 1 14 年 1 1 月 2 0 日 第 12 頁,共 13 頁 答案 題 目""]",[],layout text removed; answer unchanged and matches PDF
114-4-L11,pdf,PAST-114-4-L11-50,50,question,A,"[""114 年第四次"", ""第一 科 : 人工智慧基礎概論  考試日期: 1 14 年 1 1 月 01 日 試 題公告 日期: 1 14 年 1 1 月 2 0 日  第 13 頁,共 13 頁  答案 題 目""]",[],layout text removed; answer unchanged and matches PDF
114-4-L12,pdf,PAST-114-4-L12-5,5,question,D,"[""114 年第四次"", ""第二 科 : 生成式 AI 應用與規劃  考試日期: 114 年 1 1 月 01 日 試題公告日期: 114 年 1 1 月 2 0 日  第 2 頁,共 13 頁  答案 題 目""]",[],layout text removed; answer unchanged and matches PDF
114-4-L12,pdf,PAST-114-4-L12-8,8,B,C,"["" 114 年第四次 第二 科 : 生成式 AI 應用與規劃 考試日期: 114 年 1 1 月 01 日 試題公告日期: 114 年 1 1 月 2 0 日 第 3 頁,共 13 頁 答案 題 目""]",[],layout text removed; answer unchanged and matches PDF
114-4-L12,pdf,PAST-114-4-L12-13,13,A,D,"["" 114 年第四次 第二 科 : 生成式 AI 應用與規劃 考試日期: 114 年 1 1 月 01 日 試題公告日期: 114 年 1 1 月 2 0 日 第 4 頁,共 13 頁 答案 題 目""]",[],layout text removed; answer unchanged and matches PDF
114-4-L12,pdf,PAST-114-4-L12-17,17,A,D,"["" 114 年第四次 第二 科 : 生成式 AI 應用與規劃 考試日期: 114 年 1 1 月 01 日 試題公告日期: 114 年 1 1 月 2 0 日 第 5 頁,共 13 頁 答案 題 目""]",[],layout text removed; answer unchanged and matches PDF
114-4-L12,pdf,PAST-114-4-L12-20,20,D,D,"["" 114 年第四次 第二 科 : 生成式 AI 應用與規劃 考試日期: 114 年 1 1 月 01 日 試題公告日期: 114 年 1 1 月 2 0 日 第 6 頁,共 13 頁 答案 題 目""]",[],layout text removed; answer unchanged and matches PDF
114-4-L12,pdf,PAST-114-4-L12-24,24,question,D,"[""114 年第四次"", ""第二 科 : 生成式 AI 應用與規劃  考試日期: 114 年 1 1 月 01 日 試題公告日期: 114 年 1 1 月 2 0 日  第 7 頁,共 13 頁  答案 題 目""]",[],layout text removed; answer unchanged and matches PDF
114-4-L12,pdf,PAST-114-4-L12-28,28,A,B,"["" 114 年第四次 第二 科 : 生成式 AI 應用與規劃 考試日期: 114 年 1 1 月 01 日 試題公告日期: 114 年 1 1 月 2 0 日 第 8 頁,共 13 頁 答案 題 目""]",[],layout text removed; answer unchanged and matches PDF
114-4-L12,pdf,PAST-114-4-L12-31,31,B,B,"["" 114 年第四次 第二 科 : 生成式 AI 應用與規劃 考試日期: 114 年 1 1 月 01 日 試題公告日期: 114 年 1 1 月 2 0 日 第 9 頁,共 13 頁 答案 題 目""]",[],layout text removed; answer unchanged and matches PDF
114-4-L12,pdf,PAST-114-4-L12-35,35,question,B,"["" 114 年第四次   第二 科 : 生成式 AI 應用與規劃  考試日期: 114 年 1 1 月 01 日 試題公告日期: 114 年 1 1 月 2 0 日  第 10 頁,共 13 頁  答案 題 目""]",[],layout text removed; answer unchanged and matches PDF
114-4-L12,pdf,PAST-114-4-L12-39,39,question,A,"[""114 年第四次"", ""第二 科 : 生成式 AI 應用與規劃  考試日期: 114 年 1 1 月 01 日 試題公告日期: 114 年 1 1 月 2 0 日  第 11 頁,共 13 頁  答案 題 目""]",[],layout text removed; answer unchanged and matches PDF
114-4-L12,pdf,PAST-114-4-L12-43,43,A,D,"["" 114 年第四次 第二 科 : 生成式 AI 應用與規劃 考試日期: 114 年 1 1 月 01 日 試題公告日期: 114 年 1 1 月 2 0 日 第 12 頁,共 13 頁 答案 題 目""]",[],layout text removed; answer unchanged and matches PDF
114-4-L12,pdf,PAST-114-4-L12-48,48,question,A,"[""114 年第四次"", ""第二 科 : 生成式 AI 應用與規劃  考試日期: 114 年 1 1 月 01 日 試題公告日期: 114 年 1 1 月 2 0 日  第 13 頁,共 13 頁  答案 題 目""]",[],layout text removed; answer unchanged and matches PDF
115-1-L21,pdf,PAST-115-1-L21-4,4,B,C,"["" 】 第一 科 : 人工智慧技術應用與規劃 考試日期: 11 5 年 0 5 月 23 日 第 2 頁,共 15 頁""]",[],layout text removed; answer unchanged and matches PDF
115-1-L21,pdf,PAST-115-1-L21-8,8,question,B,"[""  】  第一 科 : 人工智慧技術應用與規劃  考試日期: 11 5 年 0 5 月 23 日  第 3 頁,共 15 頁""]",[],layout text removed; answer unchanged and matches PDF
115-1-L21,pdf,PAST-115-1-L21-12,12,B,B,"["" 】 第一 科 : 人工智慧技術應用與規劃 考試日期: 11 5 年 0 5 月 23 日 第 4 頁,共 15 頁""]",[],layout text removed; answer unchanged and matches PDF
115-1-L21,pdf,PAST-115-1-L21-16,16,question,A,"[""】  第一 科 : 人工智慧技術應用與規劃  考試日期: 11 5 年 0 5 月 23 日  第 5 頁,共 15 頁""]",[],layout text removed; answer unchanged and matches PDF
115-1-L21,pdf,PAST-115-1-L21-17,17,D,D,"[""】 第一 科 : 人工智慧技術應用與規劃 考試日期: 11 5 年 0 5 月 23 日 第 6 頁,共 15 頁 ""]",[],layout text removed; answer unchanged and matches PDF
115-1-L21,pdf,PAST-115-1-L21-20,20,question,A,"[""】  第一 科 : 人工智慧技術應用與規劃  考試日期: 11 5 年 0 5 月 23 日  第 7 頁,共 15 頁""]",[],layout text removed; answer unchanged and matches PDF
115-1-L21,pdf,PAST-115-1-L21-22,22,question,C,"[""  】  第一 科 : 人工智慧技術應用與規劃  考試日期: 11 5 年 0 5 月 23 日  第 8 頁,共 15 頁""]",[],layout text removed; answer unchanged and matches PDF
115-1-L21,pdf,PAST-115-1-L21-26,26,question,D,"[""】  第一 科 : 人工智慧技術應用與規劃  考試日期: 11 5 年 0 5 月 23 日  第 9 頁,共 15 頁""]",[],layout text removed; answer unchanged and matches PDF
115-1-L21,pdf,PAST-115-1-L21-29,29,C,C,"["" 】 第一 科 : 人工智慧技術應用與規劃 考試日期: 11 5 年 0 5 月 23 日 第 10 頁,共 15 頁""]",[],layout text removed; answer unchanged and matches PDF
115-1-L21,pdf,PAST-115-1-L21-33,33,D,D,"[""】 第一 科 : 人工智慧技術應用與規劃 考試日期: 11 5 年 0 5 月 23 日 第 11 頁,共 15 頁 ""]",[],layout text removed; answer unchanged and matches PDF
115-1-L21,pdf,PAST-115-1-L21-37,37,question,A,"[""】  第一 科 : 人工智慧技術應用與規劃  考試日期: 11 5 年 0 5 月 23 日  第 12 頁,共 15 頁""]",[],layout text removed; answer unchanged and matches PDF
115-1-L21,pdf,PAST-115-1-L21-41,41,question,A,"[""】  第一 科 : 人工智慧技術應用與規劃  考試日期: 11 5 年 0 5 月 23 日  第 13 頁,共 15 頁""]",[],layout text removed; answer unchanged and matches PDF
115-1-L21,pdf,PAST-115-1-L21-44,44,B,B,"[""】 第一 科 : 人工智慧技術應用與規劃 考試日期: 11 5 年 0 5 月 23 日 第 14 頁,共 15 頁 ""]",[],layout text removed; answer unchanged and matches PDF
115-1-L21,pdf,PAST-115-1-L21-47,47,D,D,"["" 】 第一 科 : 人工智慧技術應用與規劃 考試日期: 11 5 年 0 5 月 23 日 第 15 頁,共 15 頁""]",[],layout text removed; answer unchanged and matches PDF
115-1-L22,pdf,PAST-115-1-L22-4,4,C,A,"["" 】 第 二 科 : 大數據處理分析與應用 考試日期: 11 5 年 0 5 月 23 日 第 2 頁,共 17 頁""]",[],layout text removed; answer unchanged and matches PDF
115-1-L22,pdf,PAST-115-1-L22-8,8,B,D,"["" 】 第 二 科 : 大數據處理分析與應用 考試日期: 11 5 年 0 5 月 23 日 第 3 頁,共 17 頁""]",[],layout text removed; answer unchanged and matches PDF
115-1-L22,pdf,PAST-115-1-L22-12,12,question,C,"[""】  第 二 科 : 大數據處理分析與應用  考試日期: 11 5 年 0 5 月 23 日  第 4 頁,共 17 頁""]",[],layout text removed; answer unchanged and matches PDF
115-1-L22,pdf,PAST-115-1-L22-16,16,question,A,"[""】  第 二 科 : 大數據處理分析與應用  考試日期: 11 5 年 0 5 月 23 日  第 5 頁,共 17 頁""]",[],layout text removed; answer unchanged and matches PDF
115-1-L22,pdf,PAST-115-1-L22-19,19,question,D,"[""】  第 二 科 : 大數據處理分析與應用  考試日期: 11 5 年 0 5 月 23 日  第 6 頁,共 17 頁""]",[],layout text removed; answer unchanged and matches PDF
115-1-L22,pdf,PAST-115-1-L22-21,21,D,D,"["" 】 第 二 科 : 大數據處理分析與應用 考試日期: 11 5 年 0 5 月 23 日 第 7 頁,共 17 頁""]",[],layout text removed; answer unchanged and matches PDF
115-1-L22,pdf,PAST-115-1-L22-24,24,A,C,"[""】 第 二 科 : 大數據處理分析與應用 考試日期: 11 5 年 0 5 月 23 日 第 8 頁,共 17 頁 ""]",[],layout text removed; answer unchanged and matches PDF
115-1-L22,pdf,PAST-115-1-L22-28,28,question,C,"[""  】  第 二 科 : 大數據處理分析與應用  考試日期: 11 5 年 0 5 月 23 日  第 9 頁,共 17 頁""]",[],layout text removed; answer unchanged and matches PDF
115-1-L22,pdf,PAST-115-1-L22-32,32,A,B,"[""】 第 二 科 : 大數據處理分析與應用 考試日期: 11 5 年 0 5 月 23 日 第 10 頁,共 17 頁 ""]",[],layout text removed; answer unchanged and matches PDF
115-1-L22,pdf,PAST-115-1-L22-36,36,question,D,"[""  】  第 二 科 : 大數據處理分析與應用  考試日期: 11 5 年 0 5 月 23 日  第 11 頁,共 17 頁""]",[],layout text removed; answer unchanged and matches PDF
115-1-L22,pdf,PAST-115-1-L22-38,38,D,B,"["" 】 第 二 科 : 大數據處理分析與應用 考試日期: 11 5 年 0 5 月 23 日 第 12 頁,共 17 頁""]",[],layout text removed; answer unchanged and matches PDF
115-1-L23,pdf,PAST-115-1-L23-5,5,question,C,"[""】  第 三 科 : 機器學習技術與應用  考試日期: 11 5 年 0 5 月 23 日  第 2 頁,共 18 頁""]",[],layout text removed; answer unchanged and matches PDF
115-1-L23,pdf,PAST-115-1-L23-9,9,question,A,"[""  】  第 三 科 : 機器學習技術與應用  考試日期: 11 5 年 0 5 月 23 日  第 3 頁,共 18 頁""]",[],layout text removed; answer unchanged and matches PDF
115-1-L23,pdf,PAST-115-1-L23-13,13,question,C,"[""】  第 三 科 : 機器學習技術與應用  考試日期: 11 5 年 0 5 月 23 日  第 4 頁,共 18 頁""]",[],layout text removed; answer unchanged and matches PDF
115-1-L23,pdf,PAST-115-1-L23-16,16,C,A,"["" 】 第 三 科 : 機器學習技術與應用 考試日期: 11 5 年 0 5 月 23 日 第 5 頁,共 18 頁""]",[],layout text removed; answer unchanged and matches PDF
115-1-L23,pdf,PAST-115-1-L23-20,20,A,C,"["" 】 第 三 科 : 機器學習技術與應用 考試日期: 11 5 年 0 5 月 23 日 第 6 頁,共 18 頁""]",[],layout text removed; answer unchanged and matches PDF
115-1-L23,pdf,PAST-115-1-L23-24,24,D,D,"["" 】 第 三 科 : 機器學習技術與應用 考試日期: 11 5 年 0 5 月 23 日 第 7 頁,共 18 頁""]",[],layout text removed; answer unchanged and matches PDF
115-1-L23,pdf,PAST-115-1-L23-29,29,question,B,"[""】  第 三 科 : 機器學習技術與應用  考試日期: 11 5 年 0 5 月 23 日  第 8 頁,共 18 頁""]",[],layout text removed; answer unchanged and matches PDF
115-1-L23,pdf,PAST-115-1-L23-33,33,A,B,"[""】 第 三 科 : 機器學習技術與應用 考試日期: 11 5 年 0 5 月 23 日 第 9 頁,共 18 頁 ""]",[],layout text removed; answer unchanged and matches PDF
115-1-L23,pdf,PAST-115-1-L23-37,37,C,A,"[""】 第 三 科 : 機器學習技術與應用 考試日期: 11 5 年 0 5 月 23 日 第 10 頁,共 18 頁 ""]",[],layout text removed; answer unchanged and matches PDF
115-1-L23,pdf,PAST-115-1-L23-39,39,D,A,"[""】 第 三 科 : 機器學習技術與應用 考試日期: 11 5 年 0 5 月 23 日 第 11 頁,共 18 頁 ""]",[],layout text removed; answer unchanged and matches PDF
115-1-L23,pdf,PAST-115-1-L23-41,41,question,B,"[""】  第 三 科 : 機器學習技術與應用  考試日期: 11 5 年 0 5 月 23 日  第 12 頁,共 18 頁""]",[],layout text removed; answer unchanged and matches PDF
115-1-L23,pdf,PAST-115-1-L23-43,43,D,D,"["" 】 第 三 科 : 機器學習技術與應用 考試日期: 11 5 年 0 5 月 23 日 第 13 頁,共 18 頁""]",[],layout text removed; answer unchanged and matches PDF
115-1-L23,pdf,PAST-115-1-L23-44,44,question,B,"[""】  第 三 科 : 機器學習技術與應用  考試日期: 11 5 年 0 5 月 23 日  第 14 頁,共 18 頁""]",[],layout text removed; answer unchanged and matches PDF
115-1-L23,pdf,PAST-115-1-L23-45,45,D,A,"["" 】 第 三 科 : 機器學習技術與應用 考試日期: 11 5 年 0 5 月 23 日 第 15 頁,共 18 頁""]",[],layout text removed; answer unchanged and matches PDF
115-1-L23,pdf,PAST-115-1-L23-46,46,question,B,"[""】  第 三 科 : 機器學習技術與應用  考試日期: 11 5 年 0 5 月 23 日  第 16 頁,共 18 頁""]",[],layout text removed; answer unchanged and matches PDF
115-1-L23,pdf,PAST-115-1-L23-48,48,question,D,"[""】  第 三 科 : 機器學習技術與應用  考試日期: 11 5 年 0 5 月 23 日  第 17 頁,共 18 頁""]",[],layout text removed; answer unchanged and matches PDF
115-1-L23,pdf,PAST-115-1-L23-49,49,A,C,"[""】 第 三 科 : 機器學習技術與應用 考試日期: 11 5 年 0 5 月 23 日 第 18 頁,共 18 頁 ""]",[],layout text removed; answer unchanged and matches PDF
114-2-L21,pdf,PAST-114-2-L21-4,4,D,C,"[""114 年第二次 第一 科 : 人工智慧技術應用與規劃 考試日期: 114 年 1 1 月 0 8 日 試題公告日期: 114 年 1 1 月 2 0 日 第 2 頁,共 14 頁 ""]",[],layout text removed; answer unchanged and matches PDF
114-2-L21,pdf,PAST-114-2-L21-8,8,C,C,"[""114 年第二次 第一 科 : 人工智慧技術應用與規劃 考試日期: 114 年 1 1 月 0 8 日 試題公告日期: 114 年 1 1 月 2 0 日 第 3 頁,共 14 頁 ""]",[],layout text removed; answer unchanged and matches PDF
114-2-L21,pdf,PAST-114-2-L21-12,12,B,B,"["" 114 年第二次 第一 科 : 人工智慧技術應用與規劃 考試日期: 114 年 1 1 月 0 8 日 試題公告日期: 114 年 1 1 月 2 0 日 第 4 頁,共 14 頁""]",[],layout text removed; answer unchanged and matches PDF
114-2-L21,pdf,PAST-114-2-L21-17,17,A,D,"["" 114 年第二次 第一 科 : 人工智慧技術應用與規劃 考試日期: 114 年 1 1 月 0 8 日 試題公告日期: 114 年 1 1 月 2 0 日 第 5 頁,共 14 頁""]",[],layout text removed; answer unchanged and matches PDF
114-2-L21,pdf,PAST-114-2-L21-21,21,question,B,"["" 114 年第二次   第一 科 : 人工智慧技術應用與規劃  考試日期: 114 年 1 1 月 0 8 日 試題公告日期: 114 年 1 1 月 2 0 日  第 6 頁,共 14 頁""]",[],layout text removed; answer unchanged and matches PDF
114-2-L21,pdf,PAST-114-2-L21-25,25,question,B,"["" 114 年第二次   第一 科 : 人工智慧技術應用與規劃  考試日期: 114 年 1 1 月 0 8 日 試題公告日期: 114 年 1 1 月 2 0 日  第 7 頁,共 14 頁""]",[],layout text removed; answer unchanged and matches PDF
114-2-L21,pdf,PAST-114-2-L21-28,28,D,C,"["" 114 年第二次 第一 科 : 人工智慧技術應用與規劃 考試日期: 114 年 1 1 月 0 8 日 試題公告日期: 114 年 1 1 月 2 0 日 第 8 頁,共 14 頁""]",[],layout text removed; answer unchanged and matches PDF
114-2-L21,pdf,PAST-114-2-L21-32,32,C,D,"["" 114 年第二次 第一 科 : 人工智慧技術應用與規劃 考試日期: 114 年 1 1 月 0 8 日 試題公告日期: 114 年 1 1 月 2 0 日 第 9 頁,共 14 頁""]",[],layout text removed; answer unchanged and matches PDF
114-2-L21,pdf,PAST-114-2-L21-36,36,question,B,"[""114"", ""年第二次   第一 科 : 人工智慧技術應用與規劃  考試日期: 114 年 1 1 月 0 8 日 試題公告日期: 114 年 1 1 月 2 0 日  第 10 頁,共 14 頁""]",[],layout text removed; answer unchanged and matches PDF
114-2-L21,pdf,PAST-114-2-L21-39,39,A,C,"["" 114 年第二次 第一 科 : 人工智慧技術應用與規劃 考試日期: 114 年 1 1 月 0 8 日 試題公告日期: 114 年 1 1 月 2 0 日 第 11 頁,共 14 頁""]",[],layout text removed; answer unchanged and matches PDF
114-2-L21,pdf,PAST-114-2-L21-42,42,question,D,"["" 114 年第二次   第一 科 : 人工智慧技術應用與規劃  考試日期: 114 年 1 1 月 0 8 日 試題公告日期: 114 年 1 1 月 2 0 日  第 12 頁,共 14 頁""]",[],layout text removed; answer unchanged and matches PDF
114-2-L21,pdf,PAST-114-2-L21-45,45,question,D,"["" 114 年第二次   第一 科 : 人工智慧技術應用與規劃  考試日期: 114 年 1 1 月 0 8 日 試題公告日期: 114 年 1 1 月 2 0 日  第 13 頁,共 14 頁""]",[],layout text removed; answer unchanged and matches PDF
114-2-L21,pdf,PAST-114-2-L21-48,48,A,B,"["" 114 年第二次 第一 科 : 人工智慧技術應用與規劃 考試日期: 114 年 1 1 月 0 8 日 試題公告日期: 114 年 1 1 月 2 0 日 第 14 頁,共 14 頁""]",[],layout text removed; answer unchanged and matches PDF
114-2-L22,pdf,PAST-114-2-L22-4,4,B,B,"["" 114 年第二次 第二 科 : 大數據處理分析與應用 考試日期: 114 年 1 1 月 0 8 日 試題公告日期: 114 年 1 1 月 2 0 日 第 2 頁,共 17 頁 答 案 題目""]",[],layout text removed; answer unchanged and matches PDF
114-2-L22,pdf,PAST-114-2-L22-8,8,B,B,"["" 114 年第二次 第二 科 : 大數據處理分析與應用 考試日期: 114 年 1 1 月 0 8 日 試題公告日期: 114 年 1 1 月 2 0 日 第 3 頁,共 17 頁 答 案 題目""]",[],layout text removed; answer unchanged and matches PDF
114-2-L22,pdf,PAST-114-2-L22-13,13,D,D,"["" 114 年第二次 第二 科 : 大數據處理分析與應用 考試日期: 114 年 1 1 月 0 8 日 試題公告日期: 114 年 1 1 月 2 0 日 第 4 頁,共 17 頁 答 案 題目""]",[],layout text removed; answer unchanged and matches PDF
114-2-L22,pdf,PAST-114-2-L22-17,17,C,B,"[""114 年第二次 第二 科 : 大數據處理分析與應用 考試日期: 114 年 1 1 月 0 8 日 試題公告日期: 114 年 1 1 月 2 0 日 第 5 頁,共 17 頁 答 案 題目 ""]",[],layout text removed; answer unchanged and matches PDF
114-2-L22,pdf,PAST-114-2-L22-20,20,A,D,"["" 114 年第二次 第二 科 : 大數據處理分析與應用 考試日期: 114 年 1 1 月 0 8 日 試題公告日期: 114 年 1 1 月 2 0 日 第 6 頁,共 17 頁 答 案 題目""]",[],layout text removed; answer unchanged and matches PDF
114-2-L22,pdf,PAST-114-2-L22-24,24,question,A,"[""114 年第二次"", ""第二 科 : 大數據處理分析與應用  考試日期: 114 年 1 1 月 0 8 日 試題公告日期: 114 年 1 1 月 2 0 日  第 7 頁,共 17 頁  答  案  題目""]",[],layout text removed; answer unchanged and matches PDF
114-2-L22,pdf,PAST-114-2-L22-27,27,question,D,"["" 114 年第二次   第二 科 : 大數據處理分析與應用  考試日期: 114 年 1 1 月 0 8 日 試題公告日期: 114 年 1 1 月 2 0 日  第 8 頁,共 17 頁  答  案  題目""]",[],layout text removed; answer unchanged and matches PDF
114-2-L22,pdf,PAST-114-2-L22-31,31,question,B,"[""114 年第二次"", ""第二 科 : 大數據處理分析與應用  考試日期: 114 年 1 1 月 0 8 日 試題公告日期: 114 年 1 1 月 2 0 日  第 9 頁,共 17 頁  答  案  題目""]",[],layout text removed; answer unchanged and matches PDF
114-2-L22,pdf,PAST-114-2-L22-34,34,question,B,"[""114 年第二次"", ""第二 科 : 大數據處理分析與應用  考試日期: 114 年 1 1 月 0 8 日 試題公告日期: 114 年 1 1 月 2 0 日  第 10 頁,共 17 頁  答  案  題目""]",[],layout text removed; answer unchanged and matches PDF
114-2-L22,pdf,PAST-114-2-L22-38,38,question,B,"[""114 年第二次"", ""第二 科 : 大數據處理分析與應用  考試日期: 114 年 1 1 月 0 8 日 試題公告日期: 114 年 1 1 月 2 0 日  第 11 頁,共 17 頁  答  案  題目""]",[],layout text removed; answer unchanged and matches PDF
114-2-L22,pdf,PAST-114-2-L22-40,40,A,B,"["" 114 年第二次 第二 科 : 大數據處理分析與應用 考試日期: 114 年 1 1 月 0 8 日 試題公告日期: 114 年 1 1 月 2 0 日 第 12 頁,共 17 頁 答 案 題目""]",[],layout text removed; answer unchanged and matches PDF
114-2-L22,pdf,PAST-114-2-L22-42,42,question,C,"["" 114 年第二次   第二 科 : 大數據處理分析與應用  考試日期: 114 年 1 1 月 0 8 日 試題公告日期: 114 年 1 1 月 2 0 日  第 13 頁,共 17 頁  答  案  題目""]",[],layout text removed; answer unchanged and matches PDF
114-2-L22,pdf,PAST-114-2-L22-42,42,D,C,"["" 114 年第二次 第二 科 : 大數據處理分析與應用 考試日期: 114 年 1 1 月 0 8 日 試題公告日期: 114 年 1 1 月 2 0 日 第 14 頁,共 17 頁 答 案 題目""]",[],layout text removed; answer unchanged and matches PDF
114-2-L22,pdf,PAST-114-2-L22-45,45,B,A,"["" 114 年第二次 第二 科 : 大數據處理分析與應用 考試日期: 114 年 1 1 月 0 8 日 試題公告日期: 114 年 1 1 月 2 0 日 第 15 頁,共 17 頁 答 案 題目""]",[],layout text removed; answer unchanged and matches PDF
114-2-L22,pdf,PAST-114-2-L22-47,47,D,B,"["" 114 年第二次 第二 科 : 大數據處理分析與應用 考試日期: 114 年 1 1 月 0 8 日 試題公告日期: 114 年 1 1 月 2 0 日 第 16 頁,共 17 頁 答 案 題目""]",[],layout text removed; answer unchanged and matches PDF
114-2-L22,pdf,PAST-114-2-L22-49,49,C,C,"["" 114 年第二次 第二 科 : 大數據處理分析與應用 考試日期: 114 年 1 1 月 0 8 日 試題公告日期: 114 年 1 1 月 2 0 日 第 17 頁,共 17 頁 答 案 題目""]",[],layout text removed; answer unchanged and matches PDF
114-2-L22,mirror,PAST-114-2-L22-4,4,B,B,"[""答題目案""]",[],layout text removed; answer unchanged and matches PDF
114-2-L22,mirror,PAST-114-2-L22-8,8,B,B,"[""答題目案""]",[],layout text removed; answer unchanged and matches PDF
114-2-L22,mirror,PAST-114-2-L22-13,13,D,D,"[""答題目案""]",[],layout text removed; answer unchanged and matches PDF
114-2-L22,mirror,PAST-114-2-L22-17,17,C,B,"[""答題目案""]",[],layout text removed; answer unchanged and matches PDF
114-2-L22,mirror,PAST-114-2-L22-20,20,A,D,"[""答題目案""]",[],layout text removed; answer unchanged and matches PDF
114-2-L22,mirror,PAST-114-2-L22-24,24,question,A,"[""答題目案""]",[],layout text removed; answer unchanged and matches PDF
114-2-L22,mirror,PAST-114-2-L22-27,27,question,D,"[""答題目案""]",[],layout text removed; answer unchanged and matches PDF
114-2-L22,mirror,PAST-114-2-L22-31,31,question,B,"[""答題目案""]",[],layout text removed; answer unchanged and matches PDF
114-2-L22,mirror,PAST-114-2-L22-34,34,question,B,"[""答題目案""]",[],layout text removed; answer unchanged and matches PDF
114-2-L22,mirror,PAST-114-2-L22-38,38,question,B,"[""答題目案""]",[],layout text removed; answer unchanged and matches PDF
114-2-L22,mirror,PAST-114-2-L22-39,39,D,D,"[""答題目案"", ""答題目案"", ""答題目案"", ""答題目案"", ""答題目案"", ""答題目案""]",[],layout text removed; answer unchanged and matches PDF
114-2-L23,pdf,PAST-114-2-L23-5,5,question,A,"[""114"", ""年第二次   第三 科 : 機器學習技術與應用  考試日期: 114 年 1 1 月 0 8 日 試題公告日期: 114 年 1 1 月 2 0 日  第 2 頁,共 19 頁""]",[],layout text removed; answer unchanged and matches PDF
114-2-L23,pdf,PAST-114-2-L23-9,9,C,A,"["" 114 年第二次 第三 科 : 機器學習技術與應用 考試日期: 114 年 1 1 月 0 8 日 試題公告日期: 114 年 1 1 月 2 0 日 第 3 頁,共 19 頁""]",[],layout text removed; answer unchanged and matches PDF
114-2-L23,pdf,PAST-114-2-L23-14,14,B,C,"[""114 年第二次 第三 科 : 機器學習技術與應用 考試日期: 114 年 1 1 月 0 8 日 試題公告日期: 114 年 1 1 月 2 0 日 第 4 頁,共 19 頁 ""]",[],layout text removed; answer unchanged and matches PDF
114-2-L23,pdf,PAST-114-2-L23-19,19,C,C,"["" 114 年第二次 第三 科 : 機器學習技術與應用 考試日期: 114 年 1 1 月 0 8 日 試題公告日期: 114 年 1 1 月 2 0 日 第 5 頁,共 19 頁""]",[],layout text removed; answer unchanged and matches PDF
114-2-L23,pdf,PAST-114-2-L23-23,23,A,A,"["" 114 年第二次 第三 科 : 機器學習技術與應用 考試日期: 114 年 1 1 月 0 8 日 試題公告日期: 114 年 1 1 月 2 0 日 第 6 頁,共 19 頁""]",[],layout text removed; answer unchanged and matches PDF
114-2-L23,pdf,PAST-114-2-L23-27,27,C,D,"["" 114 年第二次 第三 科 : 機器學習技術與應用 考試日期: 114 年 1 1 月 0 8 日 試題公告日期: 114 年 1 1 月 2 0 日 第 7 頁,共 19 頁""]",[],layout text removed; answer unchanged and matches PDF
114-2-L23,pdf,PAST-114-2-L23-31,31,question,B,"[""114"", ""年第二次   第三 科 : 機器學習技術與應用  考試日期: 114 年 1 1 月 0 8 日 試題公告日期: 114 年 1 1 月 2 0 日  第 8 頁,共 19 頁""]",[],layout text removed; answer unchanged and matches PDF
114-2-L23,pdf,PAST-114-2-L23-37,37,B,B,"[""114 年第二次 第三 科 : 機器學習技術與應用 考試日期: 114 年 1 1 月 0 8 日 試題公告日期: 114 年 1 1 月 2 0 日 第 10 頁,共 19 頁 ""]",[],layout text removed; answer unchanged and matches PDF
114-2-L23,pdf,PAST-114-2-L23-41,41,question,D,"[""114"", ""年第二次   第三 科 : 機器學習技術與應用  考試日期: 114 年 1 1 月 0 8 日 試題公告日期: 114 年 1 1 月 2 0 日  第 11 頁,共 19 頁""]",[],layout text removed; answer unchanged and matches PDF
114-2-L23,pdf,PAST-114-2-L23-41,41,D,D,"["" 114 年第二次 第三 科 : 機器學習技術與應用 考試日期: 114 年 1 1 月 0 8 日 試題公告日期: 114 年 1 1 月 2 0 日 第 12 頁,共 19 頁"", ""114 年第二次 第三 科 : 機器學習技術與應用 考試日期: 114 年 1 1 月 0 8 日 試題公告日期: 114 年 1 1 月 2 0 日 第 13 頁,共 19 頁 ""]",[],layout text removed; answer unchanged and matches PDF
114-2-L23,pdf,PAST-114-2-L23-45,45,question,B,"[""114"", ""年第二次   第三 科 : 機器學習技術與應用  考試日期: 114 年 1 1 月 0 8 日 試題公告日期: 114 年 1 1 月 2 0 日  第 14 頁,共 19 頁""]",[],layout text removed; answer unchanged and matches PDF
114-2-L23,pdf,PAST-114-2-L23-45,45,D,B,"[""114 年第二次 第三 科 : 機器學習技術與應用 考試日期: 114 年 1 1 月 0 8 日 試題公告日期: 114 年 1 1 月 2 0 日 第 15 頁,共 19 頁 ""]",[],layout text removed; answer unchanged and matches PDF
114-2-L23,pdf,PAST-114-2-L23-47,47,question,B,"[""114"", ""年第二次   第三 科 : 機器學習技術與應用  考試日期: 114 年 1 1 月 0 8 日 試題公告日期: 114 年 1 1 月 2 0 日  第 16 頁,共 19 頁""]",[],layout text removed; answer unchanged and matches PDF
114-2-L23,pdf,PAST-114-2-L23-47,47,D,B,"["" 114 年第二次 第三 科 : 機器學習技術與應用 考試日期: 114 年 1 1 月 0 8 日 試題公告日期: 114 年 1 1 月 2 0 日 第 17 頁,共 19 頁""]",[],layout text removed; answer unchanged and matches PDF
114-2-L23,pdf,PAST-114-2-L23-48,48,A,C,"["" 114 年第二次 第三 科 : 機器學習技術與應用 考試日期: 114 年 1 1 月 0 8 日 試題公告日期: 114 年 1 1 月 2 0 日 第 18 頁,共 19 頁""]",[],layout text removed; answer unchanged and matches PDF
114-2-L23,pdf,PAST-114-2-L23-50,50,question,C,"[""114"", ""年第二次   第三 科 : 機器學習技術與應用  考試日期: 114 年 1 1 月 0 8 日 試題公告日期: 114 年 1 1 月 2 0 日  第 19 頁,共 19 頁""]",[],layout text removed; answer unchanged and matches PDF
114-2-L23,mirror,PAST-114-2-L23-5,5,question,A,"[""答案題目""]",[],layout text removed; answer unchanged and matches PDF
114-2-L23,mirror,PAST-114-2-L23-9,9,C,A,"[""答案題目""]",[],layout text removed; answer unchanged and matches PDF
114-2-L23,mirror,PAST-114-2-L23-14,14,B,C,"[""答案題目""]",[],layout text removed; answer unchanged and matches PDF
114-2-L23,mirror,PAST-114-2-L23-19,19,C,C,"[""答案題目""]",[],layout text removed; answer unchanged and matches PDF
114-2-L23,mirror,PAST-114-2-L23-23,23,A,A,"[""答案題目""]",[],layout text removed; answer unchanged and matches PDF
114-2-L23,mirror,PAST-114-2-L23-27,27,C,D,"[""答案題目""]",[],layout text removed; answer unchanged and matches PDF
114-2-L23,mirror,PAST-114-2-L23-31,31,question,B,"[""答案題目""]",[],layout text removed; answer unchanged and matches PDF
114-2-L23,mirror,PAST-114-2-L23-34,34,question,D,"[""答案題目""]",[],layout text removed; answer unchanged and matches PDF
114-2-L23,mirror,PAST-114-2-L23-37,37,B,B,"[""答案題目""]",[],layout text removed; answer unchanged and matches PDF
114-2-L23,mirror,PAST-114-2-L23-40,41,question,D,"[""答案題目""]",[],layout text removed; answer unchanged and matches PDF
114-2-L23,mirror,PAST-114-2-L23-40,41,D,D,"[""答案題目"", ""答案題目""]",[],layout text removed; answer unchanged and matches PDF
114-2-L23,mirror,PAST-114-2-L23-45,47,question,B,"[""答案題目""]",[],layout text removed; answer unchanged and matches PDF
114-2-L23,mirror,PAST-114-2-L23-45,47,D,B,"[""答案題目"", ""答案題目"", ""答案題目""]",[],layout text removed; answer unchanged and matches PDF
